<?xml version="1.0" encoding="UTF-8"?>
<actions>
<action>
	<icon>go-parent-folder</icon>
	<name>Abrir como root</name>
	<submenu></submenu>
	<unique-id>1624533377465774-1</unique-id>
	<command>pkexec thunar %f</command>
	<description>Abrir diretório como root</description>
	<range></range>
	<patterns>*</patterns>
	<directories/>
</action>
<action>
	<icon>dialog-scripts</icon>
	<name>Abrir terminal aqui</name>
	<submenu></submenu>
	<unique-id>1624468705519905-1</unique-id>
	<command>alacritty --working-directory %f</command>
	<description>Exemplo de uma ação personalizada</description>
	<range></range>
	<patterns>*</patterns>
	<startup-notify/>
	<directories/>
</action>
<action>
	<icon>kr_comparedirs</icon>
	<name>Comparar</name>
	<submenu></submenu>
	<unique-id>1624533653979226-3</unique-id>
	<command>meld %F</command>
	<description>Comparar arquivos e diretório com Meld</description>
	<range></range>
	<patterns>*</patterns>
	<directories/>
	<text-files/>
</action>
<action>
	<icon>document-edit-sign</icon>
	<name>Editar como root</name>
	<submenu></submenu>
	<unique-id>1624533584185359-2</unique-id>
	<command>pkexec geany %n</command>
	<description>Editar arquivo como root</description>
	<range></range>
	<patterns>*</patterns>
	<text-files/>
</action>
<action>
	<icon>find-location</icon>
	<name>Localizar</name>
	<submenu></submenu>
	<unique-id>1624565100396327-1</unique-id>
	<command>catfish %f</command>
	<description>Localizar arquivo ou pasta</description>
	<range></range>
	<patterns>*</patterns>
	<directories/>
</action>
<action>
	<icon>kr_diskusage</icon>
	<name>Uso de disco</name>
	<submenu></submenu>
	<unique-id>1624533766857844-4</unique-id>
	<command>baobab %f</command>
	<description>Ver tamanho de diretórios</description>
	<range></range>
	<patterns>*</patterns>
	<directories/>
</action>
<action>
	<icon>kdenlive-select-images</icon>
	<name>Usar como Papel de Parede</name>
	<submenu></submenu>
	<unique-id>1764850810097637-1</unique-id>
	<command>feh --bg-fill %f</command>
	<description>Define a imagem como wallpaper com feh</description>
	<range>*</range>
	<patterns>*</patterns>
	<image-files/>
</action>
</actions>
